description,artist,album,format,extra
"[SOLD OUT] TORCHLIGHT ""Haunting Dreams for the Dying King"" Cassette Tape",Torchlight,Haunting Dreams for the Dying King,Cassette,
"[SOLD OUT] NÄCHTLICH ""Nachtlich"" CD [Digipak]",NÄCHTLICH,Nachtlich,CD,[Digipak]
"[SOLD OUT] LEGENDRY ""Mists of Time / Dungeon Crawler"" 2xCD (w/ slipcase)",LEGENDRY,Mists of Time / Dungeon Crawler,CD,(w/ slipcase)
"[SOLD OUT] WINDIR ""Soknardarl"" CD",Windir,Soknardarl,CD,
"[SOLD OUT] MALFET ""The Snaking Path"" CD [DVD Case]",Malfet,The Snaking Path,CD,[DVD Case]
"[SOLD OUT] NANSARUNAI ""Ultimul Rege"" CD [Digipak]",Nansarunai,Ultimul Rege,CD,[Digipak]
"[SOLD OUT] SUMMONING ""Let Mortal Heroes Sing Your Fame"" CD",SUMMONING,Let Mortal Heroes Sing Your Fame,CD,
"[SOLD OUT] V/A ""Grime Stone Records Dungeon Synth Compilation"" 4xCD (Lim. 50)",V/A,Grime Stone Records Dungeon Synth Compilation,CD,(Lim. 50)
"[SOLD OUT] ELFFOR ""Gloomy Roots of Doom"" 2xCD",Elffor,Gloomy Roots of Doom,CD,
"[SOLD OUT] TREASURE SEEKER ""Quest for the Secrets Beyond Time"" CD (Lim. 100) [Digipak]",TREASURE SEEKER,Quest for the Secrets Beyond Time,CD,(Lim. 100) [Digipak]
"[SOLD OUT] PAYSAGE D'HIVER ""Winterkälte"" CD Digibook",PAYSAGE D'HIVER,Winterkälte,CD,
"[SOLD OUT] WHOREDOM RIFE ""Winds Of Wrath"" CD (digipak)",Whoredom Rife,Winds Of Wrath,CD,(digipak)
"[SOLD OUT] MORKETSVIND ""Wandering To Nether World"" CD",Morketsvind,Wandering To Nether World,CD,
"[SOLD OUT] MÚSPELLZHEIMR ""Hyldest Til Trolddommens Flamme/Demo Compilation"" 2xCD",MÚSPELLZHEIMR,Hyldest Til Trolddommens Flamme/Demo Compilation,CD,
"[SOLD OUT] WULKANAZ ""Kwetwan Jah Dreuzaz"" CD",Wulkanaz,Kwetwan Jah Dreuzaz,CD,
"[SOLD OUT] SPIDER GOD / ALTERED HERESY ""Split"" CD (digipak)",SPIDER GOD / ALTERED HERESY,Split,CD,(digipak)
"[SOLD OUT] NINKHARSAG ""The Dread March of Solemn Gods"" CD",NINKHARSAG,The Dread March of Solemn Gods,CD,
"[SOLD OUT] WEEPING COFFIN ""F.B.I"" CD",WEEPING COFFIN,F.B.I,CD,
"[SOLD OUT] HAXAN DREAMS ""Path Through the Realm"" CD [Digipak]",HAXAN DREAMS,Path Through the Realm,CD,[Digipak]
"[SOLD OUT] CALADAN BROOD ""Echoes of Battle"" CD",Caladan Brood,Echoes Of Battle,CD,
"[SOLD OUT] PÉNOMBRE ""Grande Flamme"" CD (Lim. 50)",PÉNOMBRE,Grande Flamme,CD,(Lim. 50)
"[SOLD OUT] WIZARDKEEP ""The Archmage's Descent into Madness"" CD",WIZARDKEEP,The Archmage's Descent into Madness,CD,
"[SOLD OUT] ROYAUME DES BRUMES ""Demo Collection"" double CD (2xCD DVD case)",ROYAUME DES BRUMES,Demo Collection,CD,(2xCD DVD case)
"ELFFOR ""Son of the Shades"" CD",Elffor,Son of the Shades,CD,
"[SOLD OUT] EVILFEAST ""Funeral Sorcery"" CD",Evilfeast,Funeral Sorcery,CD,
"[SOLD OUT] LUSTRE ""Night Spirit"" CD",Lustre,Night Spirit,CD,
"[SOLD OUT] GRIZELDA ""A War Drenched in Fantasy"" CD",Grizelda,A War Drenched In Fantasy,CD,
"[SOLD OUT] EVIGHETENS ""Sørdlyset Tempel"" CD (w/ bonus tracks)",EVIGHETENS,Sørdlyset Tempel,CD,(w/ bonus tracks)
"[SOLD OUT] SPECTRAL VOICE ""Eroded Corridors of Unbeing"" CD",Spectral Voice,Eroded Corridors Of Unbeing,CD,
"[SOLD OUT] KOSMORIK ""Voyage of Discovery"" CD [Digipak] (GRIMRIK)",KOSMORIK,Voyage of Discovery,CD,[Digipak] (GRIMRIK)
"NEIGE ET NOIRCEUR ""Les Brumes Éternelles"" CD (digipak)",Neige et Noirceur,Les Brumes Éternelles,CD,(digipak)
"[SOLD OUT] FROSTVEIL ""Ephemeral Visions"" CD",FROSTVEIL,Ephemeral Visions,CD,
"[SOLD OUT] SINIRA / ARCTOS ""Dawnless Twilight / A Spire Silent"" CD [Digipak]",SINIRA / ARCTOS,Dawnless Twilight / A Spire Silent,CD,[Digipak]
"[SOLD OUT] ETERNAL CHAMPION ""The Armor of Ire"" CD",ETERNAL CHAMPION,The Armor of Ire,CD,
"[SOLD OUT] VRÖRSAATH ""Moonlight's Wrath"" CD [Digipak]",VRÖRSAATH,Moonlight's Wrath,CD,[Digipak]
"[SOLD OUT] DRAPED IN SHADOWS ""...And in the Autumn Night 2"" CD (Lim. 100)",DRAPED IN SHADOWS,...And in the Autumn Night 2,CD,(Lim. 100)
"[SOLD OUT] UNLEASHED ""Where No Life Dwells"" CD (w/ bonus tracks)",Unleashed,Where No Life Dwells,CD,(w/ bonus tracks)
"[SOLD OUT] MEGAFOLIVORA ""Tribute To The Prehistoric Ground Sloths"" CD (lim. 100)",MEGAFOLIVORA,Tribute To The Prehistoric Ground Sloths,CD,(lim. 100)
"[SOLD OUT] DARKTHRONE ""Under a Funeral Moon"" CD",Darkthrone,Under a Funeral Moon,CD,
"[SOLD OUT] PROFANE ORDER ""Slave Morality"" CD",Profane Order,Slave Morality,CD,
"[SOLD OUT] LAMP OF MURMUUR / DAI-CHI ""Split"" CD (digipak)",LAMP OF MURMUUR / DAI-CHI,Split,CD,(digipak)
"[SOLD OUT] IASOS ""Inter-Dimensional Music"" CD (digipak)",IASOS,Inter-Dimensional Music,CD,(digipak)
"[SOLD OUT] FALLS OF RAUROS ""Hail Wind and Hewn Oak"" CD",FALLS OF RAUROS,Hail Wind and Hewn Oak,CD,
"[SOLD OUT] SPIDER GOD ""Shadowless Light (Skugglösa ljuset)"" CD",Spider God,Shadowless Light (Skugglösa ljuset),CD,
"[SOLD OUT] GRINNING GOD ""Sardónios [extended]"" CD [digipak]",Grinning God,Sardónios,CD,[digipak]
"[SOLD OUT] ETERNAL FEAR ""Ancient Woods / Pagan Souls..."" CD [Digipak]",ETERNAL FEAR,Ancient Woods / Pagan Souls...,CD,[Digipak]
"[SOLD OUT] PENTAGRAM ""Show 'Em How"" CD [hardcover digibook, lim.999]",Pentagram,Show 'em How,CD,"[hardcover digibook, lim.999]"
"[SOLD OUT] SARGEIST ""Let the Devil In"" CD [A5 size digipak] (lim.300)",Sargeist,Let the Devil In,CD,[A5 size digipak] (lim.300)
"[SOLD OUT] IMMORTAL ""Diabolical Fullmoon Mysticism"" CD",Immortal,Diabolical Fullmoon Mysticism,CD,
"[SOLD OUT] FROSTVEIL ""Antediluvian Majesty"" CD (lim.300)",FROSTVEIL,Antediluvian Majesty,CD,(lim.300)
"[SOLD OUT] CELESTIAL SWORD ""Dawn of the Crimson Moon"" CD (A5 digipak)",Celestial Sword,Dawn of the Crimson Moon,CD,(A5 digipak)
"[SOLD OUT] BOLT THROWER ""Honour - Valor - Pride"" CD",Bolt Thrower,Honour - Valor - Pride,CD,
"[SOLD OUT] NAHTSKELDUZ ""Helm of Darkness"" CD",NAHTSKELDUZ,Helm of Darkness,CD,
"[SOLD OUT] SUMERLANDS ""Sumerlands"" CD [Eternal Champion, Hour of 13]",SUMERLANDS,Sumerlands,CD,"[Eternal Champion, Hour of 13]"
"ELDAMAR ""Lost Songs from the Ancient Land"" CD (digipak)",Eldamar,Lost Songs from the Ancient Land,CD,(digipak)
"[SOLD OUT] PAYSAGE D'HIVER ""Einsamkeit"" CD Digibook",PAYSAGE D'HIVER,Einsamkeit,CD,
"[SOLD OUT] REMETE ""The Ancient Silence / Forgotten Aura"" CD (digipak, lim.500)",REMETE,The Ancient Silence / Forgotten Aura,CD,"(digipak, lim.500)"
"[SOLD OUT] IAGON ""Tome of the Crystal Wizard"" CD",IAGON,Tome of the Crystal Wizard,CD,
"[SOLD OUT] SOMBRE ARCANE ""Sombre Arcane"" CD [Digipak]",SOMBRE ARCANE,Sombre Arcane,CD,[Digipak]
"[SOLD OUT] RAEVJAGER ""Raevult!"" CD",RAEVJAGER,Raevult!,CD,
"[SOLD OUT] MOLOCH ""Abstrakter Wald"" CD",Moloch,Abstrakter Wald,CD,
"[SOLD OUT] OLD NICK ""Crisp Winter Dawn of My Night Moon"" CD (lim.200)",Old Nick,Crisp Winter Dawn of My Night Moon,CD,(lim.200)
"[SOLD OUT] ASTAROT ""Echoes of Mystical Forest"" CD",ASTAROT,Echoes of Mystical Forest,CD,
"[SOLD OUT] SKUGGEHEIM ""Samlede Verker"" 3xCD [triple CD digipak]",Skuggeheim,Samlede Verker,CD,[triple CD digipak]
"[SOLD OUT] DIMMU BORGIR ""For All Tid"" CD (w/ bonus tracks)",DIMMU BORGIR,For All Tid,CD,(w/ bonus tracks)
"[SOLD OUT] MESARTHIM ""Arrival"" CD (digipak)",Mesarthim,Arrival,CD,(digipak)
"FOGWEAVER ""Spellwind / Fogweaver"" 2xCD [Digipak]",Fogweaver,Spellwind / Fogweaver,CD,[Digipak]
"[SOLD OUT] IFERNACH ""The Green Enchanted Forest of the Druid Wizard"" CD",Ifernach,The Green Enchanted Forest Of The Druid Wizard,CD,
"ERDENKRAFT ""Seelen des Waldes"" CD (digipak, lim.100)",ERDENKRAFT,Seelen des Waldes,CD,"(digipak, lim.100)"
"[SOLD OUT] FUGITIVE WIZARD ""Extorris Magus"" 2xCD [DVD case]",FUGITIVE WIZARD,Extorris Magus,CD,[DVD case]
"[SOLD OUT] BLUE HUMMINGBIRD ON THE LEFT ""Atl Tlachinolli"" CD",BLUE HUMMINGBIRD ON THE LEFT,Atl Tlachinolli,CD,
"[SOLD OUT] SAOR ""Forgotten Paths"" CD [Digipak]",Saor,Forgotten Paths,CD,[Digipak]
"[SOLD OUT] MORTIIS ""Født Til Å Herske"" CD (digipak)",Mortiis,Født Til Å Herske,CD,(digipak)
"[SOLD OUT] LAMENT IN WINTERS NIGHT ""At The Gates Of The Eternal Storm"" CD",LAMENT IN WINTERS NIGHT,At The Gates Of The Eternal Storm,CD,
"[SOLD OUT] SEVEROTH ""When The Night Falls"" CD (digipak, lim.300)",SEVEROTH,When The Night Falls,CD,"(digipak, lim.300)"
"[SOLD OUT] HELLOWEEN ""Keeper of the Seven Keys, Part II"" double CD (2xCD jewel case)",HELLOWEEN,"Keeper of the Seven Keys, Part II",CD,(2xCD jewel case)
"[SOLD OUT] ELFFOR ""Unholy Throne of Doom"" CD",Elffor,Unholy Throne Of Doom,CD,
"[SOLD OUT] NATURA CARCEREM ""C",Natura Carcerem,C,Cassette,
"[SOLD OUT] DEPRESSIVE SILENCE ""I"" Vinyl LP (grey/black swirl, lim.199)",Depressive Silence,I,Vinyl,"(grey/black swirl, lim.199)"
"[SOLD OUT] NOCTURNAL EFFIGY ""Unveiled Dark Majesty"" vinyl LP (w/ 2 inserts, bonus track)",Nocturnal Effigy,Unveiled Dark Majesty,Vinyl,"(w/ 2 inserts, bonus track)"
"[SOLD OUT] BURIAL MOON ""Burial Moon"" Vinyl LP (lim.100)",Burial Moon,Burial Moon,Vinyl,(lim.100)
"[SOLD OUT] DEPARTURE CHANDELIER ""The Black Crest Of Death, The Gold Wreath Of War"" vinyl LP (w/insert + poster)",Departure Chandelier,"The Black Crest of Death, the Gold Wreath of War",Vinyl,(w/insert + poster)
"SCEPTRE OF THE FADING DAWN ""Recollections..."" Vinyl LP (lim.300 w/insert)",Sceptre Of The Fading Dawn,Recollections...,Vinyl,(lim.300 w/insert)
"[SOLD OUT] REVENANT MARQUIS ""All the Pleasures of Heaven"" Vinyl LP (lim.220 w/insert)",Revenant Marquis,All the Pleasures of Heaven,Vinyl,(lim.220 w/insert)
"EVILFEAST ""Isenheimen"" vinyl LP (w/ insert)",Evilfeast,Isenheimen,Vinyl,(w/ insert)
"VOËMMR ""Negras Sessões No Abismo Sul"" Vinyl LP (lim.100)",VOËMMR,Negras Sessões No Abismo Sul,Vinyl,(lim.100)
"[SOLD OUT] WARPED SKULL ""A Feverish Recollection of Battle"" vinyl LP (foil embossed jacket + obi)",Warped Skull,A Feverish Recollection of Battle,Vinyl,(foil embossed jacket + obi)
"THREE LITTLE CAVIES ""Collected Works"" vinyl LP (2 color options, 180g)",THREE LITTLE CAVIES,Collected Works,Vinyl,"(2 color options, 180g)"
"CONIFEROUS MYST ""Lost Mountain Pathways"" 2xLP (double LP black vinyl, lim.100, w/poster)",Coniferous Myst,Lost Mountain Pathways,Vinyl,"(double LP black vinyl, lim.100, w/poster)"
"[SOLD OUT] PHANTOM SPIRE ""Murderous Ruminations In Black Tile Chambers"" vinyl LP (lim.100)",PHANTOM SPIRE,Murderous Ruminations In Black Tile Chambers,Vinyl,(lim.100)
"[SOLD OUT] VAMPIRIC COFFIN ""Vampiric Coffin"" vinyl LP (color)",Vampiric Coffin,Vampiric Coffin,Vinyl,(color)
"ULK ""This Divine Shelter"" Vinyl LP (lim.200)",ULK,This Divine Shelter,Vinyl,(lim.200)
"TRHÄ / ACHEULEAN FORESTS ""Die Macht Der Feenfamme"" vinyl LP",TRHÄ / ACHEULEAN FORESTS,Die Macht Der Feenfamme,Vinyl,
"SEQUESTERED KEEP ""The Vale of Ruined Towers"" vinyl LP (lim.250 color w/insert)",Sequestered Keep,The Vale of Ruined Towers,Vinyl,(lim.250 color w/insert)
"[SOLD OUT] HERBSTLETHARGIE ""Melancholie im Blattfall"" vinyl 2xLP (gatefold, color, lim. 342)",HERBSTLETHARGIE,Melancholie im Blattfall,Vinyl,"(gatefold, color, lim. 342)"
"FIEF ""III"" Vinyl LP (bone/blue split, 2nd press / 300)",Fief,III,Vinyl,"(bone/blue split, 2nd press / 300)"
"[SOLD OUT] SANCTUAIRE ""Feu Sacré"" Vinyl LP (Color)",Sanctuaire,Feu Sacré,Vinyl,(Color)
"[SOLD OUT] STREET CLEANER ""Hardware/Heatwave"" vinyl LP (color, 180g, gatefold)",STREET CLEANER,Hardware/Heatwave,Vinyl,"(color, 180g, gatefold)"
"UNLEASHED ""Where No Life Dwells"" vinyl LP (clear)",Unleashed,Where No Life Dwells,Vinyl,(clear)
"[SOLD OUT] JÄÄPORTIT ""Kauan Koskematon"" Vinyl LP [color, lim.300 w/poster]",JÄÄPORTIT,Kauan Koskematon,Vinyl,"[color, lim.300 w/poster]"
"[SOLD OUT] MURGRIND ""Journey Through the Mountain"" vinyl LP (deluxe gold color edition)",Murgrind,Journey Through the Mountain,Vinyl,(deluxe gold color edition)
"PHANTOM SPIRE ""Formless Wraiths of the Black Ascension"" vinyl LP (lim.300)",PHANTOM SPIRE,Formless Wraiths of the Black Ascension,Vinyl,(lim.300)
"[SOLD OUT] CALDERUM ""Mystical Fortress of Iberian Lands"" vinyl LP",CALDERUM,Mystical Fortress of Iberian Lands,Vinyl,
"[SOLD OUT] YEZDIN ""Modra Veda"" vinyl LP (lim.200 w/ insert)",Yezdin,Modra Veda,Vinyl,(lim.200 w/ insert)
"[SOLD OUT] IXACHITLAN ""Eagle, Quetzal, And Condor"" vinyl LP",Ixachitlan,"Eagle, Quetzal, And Condor",Vinyl,
"[SOLD OUT] EMYN MUIL ""10th Anniversary Trilogy Boxset"" Deluxe 4xLP Vinyl Wood Box Set (lim.100, pendant, back patch, flag, etc)",EMYN MUIL,10th Anniversary Trilogy Boxset,Vinyl,"(lim.100, pendant, back patch, flag, etc)"
"[SOLD OUT] NUIT NOIRE ""Lunar Deflagration"" Vinyl LP",Nuit Noire,Lunar Deflagration,Vinyl,
"[SOLD OUT] DEPARTURE CHANDELIER ""Dripping Papal Blood"" vinyl LP (w/insert, etched)",Departure Chandelier,Dripping Papal Blood,Vinyl,"(w/insert, etched)"
"[SOLD OUT] SULPHURIC NIGHT ""Arcane Monoliths Of Triumphant Death"" Vinyl 2xLP",Sulphuric Night,Arcane Monoliths Of Triumphant Death,Vinyl,
"[SOLD OUT] NEPTUNE TOWERS ""Caravans To Empire Algol"" vinyl LP",Neptune Towers,Caravans to Empire Algol,Vinyl,
"[SOLD OUT] CONIFEROUS MYST ""Long Quests and Dull Blades"" vinyl LP (color, lim.250)",Coniferous Myst,Long Quests and Dull Blades,Vinyl,"(color, lim.250)"
"[SOLD OUT] TZOMPANTLI ""Tlazcaltiliztli"" vinyl LP [color]",Tzompantli,Tlazcaltiliztli,Vinyl,[color]
"[SOLD OUT] ALKILITH ""Temples"" Lathe 7"" Vinyl (lim. 50, color)",ALKILITH,Temples,Vinyl,"(lim. 50, color)"
"OUBLIETH ""À l'Ombre du Royaume en Cendres"" vinyl LP (black or color)",Oublieth,À l'Ombre du Royaume en Cendres,Vinyl,(black or color)
"[SOLD OUT] SOULLESS ""The Supreme Resurgence"" vinyl LP (color)",Soulless,The Supreme Resurgence,Vinyl,(color)
"SOLANUM ""Spheres of Time"" vinyl LP (color)",SOLANUM,Spheres of Time,Vinyl,(color)
"[SOLD OUT] QUEST MASTER ""LSODR Bonus Tracks"" vinyl 7"" EP (lim.330)",Quest Master,LSODR Bonus Tracks,Vinyl,(lim.330)
"STJÄRNFÄLT ""Lapporten"" vinyl LP (color)",STJÄRNFÄLT,Lapporten,Vinyl,(color)
"[SOLD OUT] IMMORTAL ""Battles In The North"" vinyl LP (gatefold)",Immortal,Battles in the North,Vinyl,(gatefold)
"SILENT THUNDER ""Thousand Hammers"" vinyl LP [Lamp of Murmuur]",Silent Thunder,Thousand Hammers,Vinyl,[Lamp of Murmuur]
"[SOLD OUT] ERZFEYND ""Muspilli"" vinyl LP (color, lim.418, 180g w/ booklet)",Erzfeynd,Muspilli,Vinyl,"(color, lim.418, 180g w/ booklet)"
"[SOLD OUT] MAIDEN HAIR / PORTCULLIS ""Towers Ov Albion"" vinyl LP (foil embossed jacket, 180g)",MAIDEN HAIR / PORTCULLIS,Towers Ov Albion,Vinyl,"(foil embossed jacket, 180g)"
"FORBIDDEN TOMB / UPIR ""Split"" vinyl LP (lim.100)",FORBIDDEN TOMB / UPIR,Split,Vinyl,(lim.100)
"FIEF ""I"" vinyl LP (2nd pressing, 2 color options)",Fief,I,Vinyl,"(2nd pressing, 2 color options)"
"[SOLD OUT] NEBRAN ""...Of Long Forgotten Times"" vinyl LP (gatefold, color, 180g, poster)",Nebran,...Of Long Forgotten Times,Vinyl,"(gatefold, color, 180g, poster)"
"[SOLD OUT] BATHORY ""Blood Fire Death"" vinyl LP (w/ insert)",Bathory,Blood Fire Death,Vinyl,(w/ insert)
"V/A SOMEWHERE BETWEEN: ""Mutant Pop, Electronic Minimalism & Shadow Sounds Of Japan 1980-1988"" vinyl 2xLP (clear)",V/A SOMEWHERE BETWEEN:,"Mutant Pop, Electronic Minimalism & Shadow Sounds Of Japan 1980-1988",Vinyl,(clear)
"[SOLD OUT] XASTHUR ""Ominous Fates"" Vinyl LP (Color, Gatefold, lim.200)",Xasthur,Ominous Fates,Vinyl,"(Color, Gatefold, lim.200)"
"[SOLD OUT] DEPARTURE CHANDELIER ""Antichrist Rise to Power"" vinyl LP (Gatefold)",Departure Chandelier,Antichrist Rise To Power,Vinyl,(Gatefold)
"[SOLD OUT] MUTIILATION ""Black Millenium - Grimly Reborn"" vinyl LP (color, gatefold)",Mutiilation,Black Millenium - Grimly Reborn,Vinyl,"(color, gatefold)"
"[SOLD OUT] FIENDISH IMP ""Fiendish Imp / All Hallows Eve"" Vinyl LP",FIENDISH IMP,Fiendish Imp / All Hallows Eve,Vinyl,
"[SOLD OUT] ARCTURUS ""Constellation / My Angel"" (lim.200, w/insert+poster)",Arcturus,Constellation / My Angel,Vinyl,
"[SOLD OUT] ALTAI-SAYAN ""Sängke-Tūrem Najt Mut-Moräh"" Vinyl 2xLP (gatefold)",ALTAI-SAYAN,Sängke-Tūrem Najt Mut-Moräh,Vinyl,(gatefold)
"L4ZR GR1D ""Client Pleasures"" 7"" vinyl EP (gatefold)",L4ZR GR1D,Client Pleasures,Vinyl,(gatefold)
"[SOLD OUT] HARITSUKE ""Seppuku..."" はりつけ - 天皇の名で切腹 vinyl LP (180g)",HARITSUKE,Seppuku...,Vinyl,(180g)
"[SOLD OUT] ATILLA CSIHAR ""Void Ov Voices : Baalbek"" vinyl LP (gatefold w/booklet) [Mayhem]",ATILLA CSIHAR,Void Ov Voices : Baalbek,Vinyl,(gatefold w/booklet) [Mayhem]
"[SOLD OUT] XASTHUR / CASKET OF DREAMS ""The Hallucination Tunnels"" Vinyl LP",XASTHUR / CASKET OF DREAMS,The Hallucination Tunnels,Vinyl,
"[SOLD OUT] BATHORY ""Nordland I"" vinyl 2xLP (180g, gatefold)",Bathory,Nordland I,Vinyl,"(180g, gatefold)"
"[SOLD OUT] ANCIENT MASTERY ""Chapter One: Across The Mountains Of The Drämmarskol"" Vinyl LP",ANCIENT MASTERY,Chapter One: Across The Mountains Of The Drämmarskol,Vinyl,
"[SOLD OUT] SOY FAN DEL DARK ""SFdD"" Vinyl LP 10"" w/ CD [Color, Gatefold lim. 100]",SOY FAN DEL DARK,SFdD,Vinyl,"[Color, Gatefold lim. 100]"
"[SOLD OUT] SWITCHED ON SNES ""Secret of Mana"" vinyl LP",SWITCHED ON SNES,Secret of Mana,Vinyl,
"[SOLD OUT] BLITZ ""Second Empire Justice"" vinyl LP (color w/ big poster)",Blitz,Second Empire Justice,Vinyl,(color w/ big poster)
"[SOLD OUT] LAMP OF MURMUUR ""The Burning Spears Of Crimson Agony"" vinyl LP",Lamp of Murmuur,The Burning Spears Of Crimson Agony,Vinyl,
"OUT OF SEASON ""NEDSM Skull"" die-cut patch",?,?,Other,
"[SOLD OUT] BARAK TOR ""With Axe and Sword"" Tank Top Shirt",Barak Tor,With Axe and Sword,Other,
"[SOLD OUT] WARPED SKULL ""Barbaric Chaos"" T-Shirt (Natural)",?,?,Other,
"[SOLD OUT] GRIMDOR ""Gold"" Patch",?,?,Other,
"[SOLD OUT] NACHTSTILLE ""The Inquisition of Death"" Cassette Tape",Nachtstille,The Inquisition of Death,Cassette,
"[SOLD OUT] FERNMAGE ""Brackenlore"" cassette tape (lim.50)",Fernmage,Brackenlore,Cassette,
"[SOLD OUT] PALLID BLOOD ""Flesh Eviction"" Cassette Tape",Pallid Blood,Flesh Eviction,Cassette,
"[SOLD OUT] MIDLUND ""A Humble Journey"" Cassette Tape",Midlund,A Humble Journey,Cassette,
"[SOLD OUT] QUEST MASTER / GRAVES OF EDEN Split 7"" Vinyl (lim. 150, color)",Quest Master / Graves of Eden,Split,Vinyl,
"[SOLD OUT] CRIECZIEL ""Caverns Under the Wetland"" Cassette Tape",Criecziel,Caverns Under the Wetland,Cassette,
"[SOLD OUT] KËKHT ARÄKH ""Pale Swordsman"" cassette tape [Felvum]",Këkht Aräkh,Pale Swordsman,Cassette,
[SOLD OUT] FREE AS DEAD ‎(Original Film Soundtrack) by Romain Perrot & Andy Bolus Cassette Tape (Lim. 100),Romain Perrot & Andy Bolus,Free As Dead,Cassette,
"[SOLD OUT] OUT OF SEASON ""Spoony Bard"" 4 inch stickers (set of 2)",?,?,Other,
"[SOLD OUT] EMYN MUIL ""Elenion Ancalima"" Cassette Tape",Emyn Muil,Elenion Ancalima,Cassette,
"SEVEN BLACK BOOKS ""The Sorcerer's Path"" Cassette Tape",Seven Black Books,The Sorcerer's Path,Cassette,
[SOLD OUT] OUT OF SEASON Purple w/ Black Logo Tote Bag,?,?,Other,
[SOLD OUT] Dungeon Synth Trading Cards Series I Wax Pack (Set of 10),?,?,Other,
SEQUESTERED KEEP / NEVERLUR split CD (lim.300),Sequestered Keep / Neverlur,Split,CD,
"[SOLD OUT] MORTIIS ""The Song of a Long Forgotten Ghost"" Cassette Tape",Mortiis,The Song of a Long Forgotten Ghost,Cassette,
"KALAMEET ""Melodies from the Dragon's Lair"" Cassette Tape",Kalameet,Melodies from the Dragon's Lair,Cassette,
"[SOLD OUT] ERANG ""The Five Seasons Pentalogy"" 5x Cassette Tape Set (lim.150 w/slipcase, poster, insert)",Erang,The Five Seasons Pentalogy,Cassette,
"[SOLD OUT] VANISHING AMULET ""Nocturnal Heritage"" Cassette Tape (lim.200)",Vanishing Amulet,Nocturnal Heritage,Cassette,
"[SOLD OUT] THURINGWETHIL ""Visions From The Labyrinthine"" Cassette Tape (Lim. 100)",Thuringwethil,Visions From the Labyrinthine,Cassette,
"[SOLD OUT] RUNECASTER ""The Temple Revealed"" cassette tape",Runecaster,The Temple Revelaed,Cassette,
"[SOLD OUT] MYSTERE NORDIQUE ""Éternelle Serenade de la Misanthropie"" Cassette Tape",Mystere Nordique,Éternelle Serenade de la Misanthropie,Cassette,
"[SOLD OUT] SAINT OOZE ""My Journey Towards the Flies"" Cassette Tape",Saint Ooze,My Journey Towards the Flies,Cassette,
"[SOLD OUT] SYLVAN SPECTER ""Drawing Forth the Spirits of Autumn"" Cassette Tape (Lim.50) [Fogweaver]",Sylvan Specter,Drawing Forth the Spirits of Autumn,Cassette,
"[SOLD OUT] JIM KIRKWOOD ""Where Shadows Lie"" cassette tape (lim.300)",Jim Kirkwood,Where Shadows Lie,Cassette,
"OUT OF SEASON ""Weapons Logo"" Metal Enamel Pin (Silver)",?,?,Other,
"[SOLD OUT] FALKENBACH ""Manifestations 1995-2013"" 9xCD deluxe digibook box set",Falkenbach,Manifestations 1995-2013,CD,
"[SOLD OUT] UMBRIA ""Homecomer"" Cassette Tape (lim.150)",Umbria,Homecomer,Cassette,
"[SOLD OUT] DUNE MEAR ""Crucifix Wound"" Cassette Tape (w/ OBI)",Dune Near,Crucifix Wound,Cassette,
"[SOLD OUT] SHADOW DUNGEON ""Pathways To... Thy Primordial Blackness"" cassette tape [Lim.250]",Shadow Dungeon,Pathways To... Thy Primordial Blackness,Cassette,
"[SOLD OUT] QUEST MASTER ""Lost Songs Vol. 1"" T-Shirt [BLACK]",?,?,Other,
"[SOLD OUT] EKTHELION ""Trilogy"" 3xCassette coffin box set (lim. 100)",Ekthelion,Trilogy,Cassette,
"[SOLD OUT] WINTER WOODS ""Adirondack Evil 2"" Cassette Tape",Winter Woods,Adirondack Evil 2,Cassette,
[SOLD OUT] WAMPYRIC RITES / WAMPIRVS SINISTRVS split CD (lim.200),Wampyric Rites / Wampirvs Sinistrvs,Split,CD,
"[SOLD OUT] LAMP OF MURMUUR ""Saturnis (Mark Riddick)"" T-Shirt [BLACK]",?,?,Other,
"[SOLD OUT] AUROCH ""Mute Books"" Cassette Tape",Auroch,Mute Books,Cassette,
"[SOLD OUT] PLAGUEGAZER ""Bleak Eternity"" Cassette Tape",Plaguegazer,Bleak Eternity,Cassette,
"[SOLD OUT] ERANG ""Imagination Never Fails"" Patch",?,?,Other,
[SOLD OUT] SUMMONING “Oath Bound” T-shirt,?,?,Other,
"[SOLD OUT] DRACONIC REGICIDE ""Kingslayer"" Cassette Tape",Draconic Regicide,Kingslayer,Cassette,
"[SOLD OUT] BOOK OF SKELOS ""Magickal Atavism"" Cassette Tape",Book of Skelos,Magickal Atavism,Cassette,
"[SOLD OUT] GRIMDOR ""Gollum"" cassette tape",Grimdor,Gollum,Cassette,
"[SOLD OUT] FOGWEAVER TAPE BUNDLE w/ bonus slipcase + free patcꚕ (foil shells, lim.100)",?,?,Cassette,
"[SOLD OUT] OUT OF SEASON ""NEDSM"" Embroidered Dad Hat [Camo/Orange]",?,?,Other,
"WAMPYRIC RITES ""Demo II"" cassette tape",Wampyric Rites,Demo II,Cassette,
"[SOLD OUT] QUEST MASTER ""Lost Songs Complete"" Long Sleeve Shirt [BLACK]",?,?,Other,
"[SOLD OUT] DRENGLYNDR ""Blade and Honour"" Cassette Tape (Basmu/Arcane Cavern)",Drenglyndr,Blade and Honour,Cassette,
[SOLD OUT] JÄÄPORTIT Logo Patch,?,?,Other,
"[SOLD OUT] AKIRA Original Soundtrack OST (Symphonic Suite) vinyl 2xLP (color, gatefold, insert)",Akira,Original Soundtrack,Vinyl,
"[SOLD OUT] WITCHES FOREST ""The Beauty of Silence"" cassette tape",Witches Forest,The Beauty of Silence,Cassette,
[SOLD OUT] OUT OF SEASON 7x Dice Set with Embroidered Bag [Purple/Gold colorway],?,?,Other,
OUT OF SEASON Bard Logo Black T-Shirt *ships separately*,?,?,Other,
"[SOLD OUT] MORKETSVIND ""Book of Tales"" Cassette Tape (Lim. 100)",Morketsvind,Book of Tales,Cassette,
"[SOLD OUT] GOOSE MOTHER ""Goose Mother"" Cassette Tape",Goose Mother,Goose Mother,Cassette,
"[SOLD OUT] OLDOWAN GASH ""Hubris Unchained"" Cassette Tape",Oldowan Gash,Hubris Unchained,Cassette,
"TURNIP BOY COMMITS TAX EVASION - Video Game Soundtrack vinyl LP (color, w/ sticker sheet)",Turnip Boy Commits Tax Evasion,Video Game Soundtrack,Vinyl,
[SOLD OUT] ARCANE ARCHIVIST ISSUE #3,?,?,Other,
"[SOLD OUT] MALFETE ""The Old Ghost Tower"" Cassette Tape (Lim. 100)",Malfete,The Old Ghost Tower,Cassette,
"[SOLD OUT] HAUNTED MAGIC ""Sleep Spells"" Cassette Tape",Haunted Magic,Sleep Spells,Cassette,
"[SOLD OUT] CHAMBER OF MIRRORS ""Apocalyptic Dream"" cassette tape",Chamber of Mirros,Apocalyptic Dream,Cassette,
"THANGORODRIM ""Crest"" shaped patch",?,?,Other,
"[SOLD OUT] WITH THE END IN MIND ""Tides of Fire"" Cassette Tape",With the End in Mind,Tides of Fire,Cassette,
"[SOLD OUT] FROG CONCERT / COVERED BRIDGES ""The Bridge Burnings of Wonder Lake""  Cassette Tape (lim. 50)",Frog Concert / Covered Bridges,The Bridge Burnings of Wonder Lake,Cassette,
"[SOLD OUT] LUNAR SPELLS ""Where Silence Whispers"" Cassette Tape (lim.66)",Lunar Spells,Where Silence Whispers,Cassette,
"[SOLD OUT] ALCHEMY OF FLESH ""Ageless Abominations"" Cassette Tape",Alchemy of Flesh,Ageless Abominations,Cassette,
"QUEST MASTER ""Twelve Castles"" Long Sleeve Shirt [BLACK]",?,?,Other,
"[SOLD OUT] SAD FOREST ""The Winter Ghost"" Cassette Tape",Sad Forest,The Winter Ghost,Cassette,
[SOLD OUT] CONVIVIAL HERMIT Issue 10 zine (w/ CD),?,?,Other,
"[SOLD OUT] CIEL NORDIQUE ""II"" Cassette Tape",Ciel Nordique,II,Cassette,
"[SOLD OUT] SEPULCHRAL WHISPER ""Misanthropic Vision"" cassette tape",Sepulchral Whisper,Misanthropic Vision,Cassette,
"[SOLD OUT] RIDING DAWN REVOLT ""Baldr Enlightenment & Purification"" Cassette Tape (Lim. 75)",Riding Dawn Revolt,Baldr Enlightenment & Purification,Cassette,
"[SOLD OUT] MIDNIGHT BETROTHED ""Dreamless"" T-Shirt [BLACK]",?,?,Other,
"[SOLD OUT] SILENT GARDEN ""Demos II & III"" cassette tape (lim.50)",Silent Garden,Demos II & III,Cassette,
[SOLD OUT] SULPHURIC NIGHT / BORDA'S ROPE Split Vinyl LP,Sulphuric Night / Borda's Rope,Split,Vinyl,
"[SOLD OUT] ELFFOR ""Dra Sad III"" Cassette Tape",Elffor,Dra Sad III,Cassette,
"[SOLD OUT] CÂN BARDD ""Devoured By The Oak"" T-Shirt [BLACK]",?,?,Other,
"[SOLD OUT] ALGHOL ""The Osseous Key"" Cassette Tape (Lim. 100, w/ guitar pick)",Alghol,The Osseous Key,Cassette,
"[SOLD OUT] BLOOD TOWER ""Posture Magic Redux"" cassette tape (lim.150)",Blood Tower,Posture Magic Redux,Cassette,
"[SOLD OUT] ETHEREAL SORCERESS / VANEN ""Guardians Of The Lunar Realms"" Cassette Tape (Lim. 50)",Ethereal Sorceress / Vanen,Guardians of the Lunar Realms,Cassette,
"[SOLD OUT] BLOOD INCANTATION ""Interdimensional Extinction"" cassette tape",Blood Incantation,Interdimensional Extinction,Cassette,
"MORKETSVIND ""Age of Lord"" Cassette Tape (black/100)",Morketsvind,Age of Lord,Cassette,
"[SOLD OUT] GNOLL ""Mörk Borg"" Cassette Tape",GNOLL,Mörk Borg,Cassette,
"[SOLD OUT] ARTHUROS ""Ithildin"" (Reissue) Cassette Tape",Arthuros,Ithildin,Cassette,
"[SOLD OUT] SERPENT'S ISLE ""Sea Serpent"" Long Sleeve Shirt [BLACK]",?,?,Other,
[SOLD OUT] SHADOW DUNGEON / SCEPTRE OF THE FADING DAWN Split Cassette Tape,Shadown Dungeon / Sceptre of the Fading Dawn,Split,Cassette,
"[SOLD OUT] ANTEOMEDROMA ""I"" cassette tape (lim. 50)",Anteomedroma,I,Cassette,
"[SOLD OUT] RONZATORE GORGOGLIATORE ""Murky Wat'rs"" Cassette Tape",Ronzatore gorgogliatore,Murky Wat'rs,Cassette,
"[SOLD OUT] DWARROWDELF ""Of Dying Lights"" Cassette Tape",Dwarrowdelf,Of Dying Lights,Cassette,
"[SOLD OUT] SKIRMISHER ""The Necromancer Returns"" Cassette Tape",Skirmisher,The Necromancer Returns,Cassette,
"[SOLD OUT] SCRYING GLASS ""Wyrmhole"" Cassette Tape",Scrying Glass,Wyrmhole,Cassette,
"[SOLD OUT] XASTHUR ""To Violate the Oblivious"" Cassette Tape",Xasthur,To Violate the Oblivious,Cassette,
"[SOLD OUT] NORMANPEX ""A Chronicler From Normanpex"" Cassette Tape",Normanpex,A Chronicler from Normanpex,Cassette,
"[SOLD OUT] SINIRA ""The Everlorn"" Cassette Tape (Lim. 100 w/ poster + stickers)",Sinira,The Everlorn,Cassette,
"[SOLD OUT] CIMERION ""Vers La Montagne Noire"" Long Sleeve Shirt [BLACK]",?,?,Other,
"[SOLD OUT] LANDVAETTR ""Solstice Fire"" Cassette Tape",Landvaettr,Solstice Fire,Cassette,
[SOLD OUT] XUTHAL OF THE DUSK cassette tape,?,?,Cassette,
"[SOLD OUT] FIEF ""Logo"" Copper Metal Enamel Pin",?,?,Other,
"[SOLD OUT] CAGE OF INSANITY ""Benzo Bumper"" Cassette Tape",Cage of Insanity,Benzo Bumper,Cassette,
"[SOLD OUT] XASTHUR ""Telepathic With The Deceased"" Cassette Tape",Xasthur,Telepathic with the Deceased,Cassette,
"HILLSFAR ""Raiders on the Moonsea"" Cassette Tape (2nd edition)",Hillsfar,Raiders on the Moonsea,Cassette,
"[SOLD OUT] BLASPHEMY ""Desecrator Demon"" Die Cast Metal Enamel Pin",?,?,Other,
"[SOLD OUT] ZHOTHAQQUAHNYTH ""Black Synthesizer Doom"" Cassette Tape",Zhothaqquahnyth,Black Synthesizer Doom,Cassette,
"[SOLD OUT] PRINCE DES TENEBRES ""Les Spectres Du Crépuscule"" Cassette Tape",Prince Des Tenebres,Les Spectres Du Crépuscule,Cassette,
"[SOLD OUT] SPELLBOUND MIRE ""Spell Bound Mire"" Cassette Tape (lim.150)",Spellbound Mire,Spell Bound Mire,Cassette,
"[SOLD OUT] ARTHUROS ""Ithildin"" Cassette Tape",Arthuros,Ithildin,Cassette,
"[SOLD OUT] V/A ""A Book of Famous Explorers"" 8-Tape Box Set",V/A,A Book of Famous Explorers,Cassette,
"[SOLD OUT] WARLOCK CORPSE ""Leaving this Rotten World"" Cassette Tape [lim.200, 2 color options] (Труп Колдуна)",Warlock Corpse,Leaving this Rotten World,Cassette,
"[SOLD OUT] KARMAZID ""Dragon Magick"" Logo Metal Enamel Pin (official)",Karmazid,Dragon Magick,Other,
"SPECTRAL SPECTRUM ""Strange Souls Vol.1"" Cassette Tape",Spectral Spectrum,Strange Souls Vol.1,Cassette,
"[SOLD OUT] SEQUESTERED KEEP ""Logo"" bronze metal enamel pin",Sequestered Keep,Logo,Other,
"[SOLD OUT] CRYPT OF CARMILLA ""Wintermoon Phantasmagoria"" Cassette Tape",Crypt of Carmilla,Wintermoon Phantasmagoria,Cassette,
"[SOLD OUT] QUEST MASTER ""Twelve Temples"" T-Shirt [BLACK]",Quest Master,Twelve Temples,Other,
"[SOLD OUT] BERDISCHE ""Demo Tape"" Cassette Tape (lim.50)",Berdische,Demo Tape,Cassette,
"[SOLD OUT] NACHTJÄGER ""Night Hunters"" cassette tape (lim.50)",Nachtjäger,Night Hunters,Cassette,
"[SOLD OUT] CHASMAL MIRE ""Chasmal Mire"" Cassette Tape",Chasmal Mire,Chasmal Mire,Cassette,
"[SOLD OUT] OAK AND IVY ""Oak and Ivy"" Cassette Tape [FOGLORD]",Oadk and Ivy,Oak and Ivy,Cassette,
"[SOLD OUT] SOLIPSISM ""Cruelty & Necrospection"" Cassette Tape",Solipsism,Cruelty & Necrospection,Cassette,
[SOLD OUT] PAYSAGE D'HIVER / LUNAR AURORA 2xCD [Digibook],Paysage d'hiver / Lunar Aurora,Paysage d'hiver / Lunar Aurora,CD,
ANCIENT BOREAL FOREST Deluxe Double Cassette set,Ancient Boreal Forest,Ancient Boreal Forest,Cassette,
"[SOLD OUT] KAR'A'KARN ""Fires of the Empyrian"" Cassette Tape",Kar'a'karn,Fires of the Empyrian,Cassette,
"[SOLD OUT] NACHTREGEN ""At the Gates of Arbulan"" Cassette Tape",Nachtregen,At the Gates of Arbulan,Cassette,
"SEQUESTERED KEEP ""Castles & Keeps"" woven patch",Sequestered Keep,Castles * Keeps,Other,
"[SOLD OUT] PIYAKDU ""Visionnes ov Naeku the'e Plowmanne"" Cassette Tape",Piyakdu,Visionnes ov Naeku the'e Plowmanne,Cassette,
"[SOLD OUT] OLD NICK ""A New Generation..."" Cassette Tape (w/ Obi)",Old Nick,A New Generation...,Cassette,
"[SOLD OUT] TALES UNDER THE OAK ""The Toad Folk"" cassette tape",Tales Under the Oak,The Toad Folk,Cassette,
"[SOLD OUT] GRIMDOR ""Army of the Dead"" cassette tape (Lim.10)",Grimdor,Army of the Dead,Cassette,
"[SOLD OUT] OUT OF SEASON ""Black and Gold"" Stickers (1 set/$2 or 3 sets/$5)",Out of Season,Black and Gold,Other,
"[SOLD OUT] DWALIN ""The Red Book"" Cassette Tape",Dwalin,The Red Book,Cassette,
"STAR WARS: THE BACTA WAR by Michael A. Stackpole (paperback book, 1997)",Star Wars,The Bacta War,Other,
SCEPTRE OF THE FADING DAWN Collection - 3xLPs Bundle,Sceptre of the Fading Dawn,?,Vinyl,
"[SOLD OUT] STEVE ROACH ""Nostalgia For The Future"" Cassette Tape",Steve Roach,Nostalgia for the Future,Cassette,
"[SOLD OUT] MEADOW GROVE ""Estarian Tales"" cassette tape (lim.65)",Meadow Grove,Estarian Tales,Cassette,
"[SOLD OUT] ANCIENT SPELLS ""To Rule this Kingdom of Sorrow"" Cassette Tape (lim.120)",Ancient Spells,To Rules this Kingdom of Sorrow,Cassette,
"[SOLD OUT] VETUS SUPULCRUM ""Windswept Canyons Of Thule"" Cassette Tape (Lim. 150)",Vetus Supulcrum,Windswept Canyons,Cassette,
"[SOLD OUT] PAGAN MOON ""Torchlight"" Cassette Tape",Pagan Moon,Torchlight,Cassette,
"[SOLD OUT] ISEGRIMM / ÖRNATORPET ""The Heathen Kingdom"" split Cassette Tape",Isegrimm / Örnatorpet,The Heathen Kingdom,Cassette,
"[SOLD OUT] ULK ""This Divine Shelter"" Cassette Tape",ULK,This Divine Shelter,Cassette,
"[SOLD OUT] IIRA ""Demo"" Cassette Tape",IIRA,Demo,Cassette,
FIEF Sport Grey T-Shirt (Ships Separately) *EU / UK / WORLD*,?,?,Other,
"PUTRID MARSH ""Music For Maniacs"" Embroidered Corduroy Dad Hat",Putrid Marsh,Music for Maniacs,Other,
"HILLSFAR ""Flames on the Moonsea"" cassette tape (lim.150)",Hillsfar,Flames on the Moonsea,Cassette,
"[SOLD OUT] OBSEQUIAE ""Castles & Keeps"" woven patch",Obsequiae,Castles & Keeps,Other,
[SOLD OUT] FOGLORD Logo Patch + Sticker Set,?,?,Other,
"[SOLD OUT] FEN WALKER ""The Totem Wilds Call Thy Name"" Cassette Tape",Fen Walker,The Totem Wilds Call They Name,Cassette,
"OUT OF SEASON ""NEDSM Text"" die-cut patch",Out of Season,NEDSM Text,Other,
"[SOLD OUT] EMYN MUIL ""Turin..."" Deluxe all over print Cassette Tape (Lim. 250)",Emun Muil,Turin...,Cassette,
"[SOLD OUT] VALOR ""La Lune Noire"" Cassette Tape",Valor,La Lune Noire,Cassette,
"[SOLD OUT] KONGERIKE ""Collection"" cassette tape (lim.100)",Kongerike,Collection,Cassette,
"[SOLD OUT] LONE SENTINEL ""Compilation I"" cassette tape",Lone Sentinel,Compilation I,Cassette,
"[SOLD OUT] FALLS OF RAUROS ""Patterns in Mythology"" Cassette Tape",Falls of Rauros,Patterns in Mythology,Cassette,
"[SOLD OUT] TINY MOUSE ""Tiny Adventures"" Cassette Tape",Tiny Mouse,Tiny Adventures,Cassette,
"[SOLD OUT] TORZBURG ""Dracula's Castle"" Cassette Tape",Torzburg,Dracula's Castle,Cassette,
[SOLD OUT] PHANTOM LURE COMFY SEASON BATCH OCTOBER '23 [BUNDLE] (4x180g color vinyl LP + mystery cassette),?,?,Vinyl,
DEMON SLAUGHTER The Legend of Kings OST vinyl 2xLP (180g color,Demon Slaughter,The Legend of Kings,Vinyl,
